id,first_name,last_name,email,gender,phone
1,Obed,Lambotin,olambotin0@tamu.edu,Male,+234 423 131 9570
2,Esmaria,Bilbee,ebilbee1@bloglovin.com,Female,+7 270 324 8633
3,Glad,MacGoun,gmacgoun2@feedburner.com,Female,+880 169 429 8221
4,Taylor,Schoenrock,tschoenrock3@patch.com,Male,+62 650 193 5214
5,Elberta,Sibbit,esibbit4@imdb.com,Female,+222 486 694 5842
6,Sallie,Baise,sbaise5@berkeley.edu,Female,+355 431 345 8021
7,Merrile,MacQuaker,mmacquaker6@mediafire.com,Female,+62 399 629 2632
8,Coleman,Desbrow,cdesbrow7@github.com,Polygender,+7 483 508 8180
9,Beryle,LaBastida,blabastida8@unc.edu,Female,+7 409 419 0417
10,Darb,Landor,dlandor9@theguardian.com,Female,+86 981 695 1309
11,Cybil,Purchall,cpurchalla@reverbnation.com,Female,+55 437 522 5570
12,Jacquette,Alcott,jalcottb@drupal.org,Female,+47 572 712 7697
13,Natalee,Reisenstein,nreisensteinc@dot.gov,Female,+63 164 744 6976
14,Matti,Quayle,mquayled@princeton.edu,Female,+62 348 248 7642
15,Christoforo,Childes,cchildese@nhs.uk,Male,+62 107 761 3574
16,Nananne,Woodyatt,nwoodyattf@fda.gov,Female,+62 142 235 1922
17,Lou,Ivakin,livaking@tmall.com,Male,+95 657 344 5839
18,Adham,Klewi,aklewih@diigo.com,Male,+48 203 936 1099
19,Cornie,Cracknell,ccracknelli@pcworld.com,Male,+7 562 138 8034
20,Fredi,Stuer,fstuerj@histats.com,Female,+62 994 926 8558
21,Hendrika,Fullerlove,hfullerlovek@nba.com,Female,+58 172 301 6921
22,Sharyl,Pasticznyk,spasticznykl@sakura.ne.jp,Non-binary,+234 134 972 8314
23,Ferris,Lenihan,flenihanm@bizjournals.com,Genderqueer,+62 593 605 1503
24,Betteann,Bentjens,bbentjensn@naver.com,Non-binary,+51 141 823 3077
25,Violetta,Naile,vnaileo@domainmarket.com,Female,+86 348 109 8451
26,Erie,Rittmeier,erittmeierp@salon.com,Male,+30 280 847 8914
27,Teodorico,Barde,tbardeq@ox.ac.uk,Male,+373 675 768 4963
28,Philis,Martinolli,pmartinollir@economist.com,Female,+233 302 927 4619
29,Hughie,Patient,hpatients@exblog.jp,Non-binary,+51 677 759 0903
30,Jesselyn,Langran,jlangrant@ted.com,Female,+502 603 591 2374
31,Ofelia,Toombs,otoombsu@mapy.cz,Female,+86 548 515 2341
32,Alvina,Tubridy,atubridyv@nifty.com,Female,+7 182 378 1338
33,Hayyim,Cartmail,hcartmailw@stanford.edu,Male,+63 713 885 0027
34,Zeke,Treherne,ztrehernex@uol.com.br,Male,+507 185 112 9865
35,Jermaine,Corkitt,jcorkitty@pbs.org,Male,+962 828 309 4954
36,Doreen,Leman,dlemanz@npr.org,Female,+54 662 408 3848
37,Alejandrina,Shapcott,ashapcott10@irs.gov,Female,+86 301 240 9982
38,Myrtice,State,mstate11@live.com,Female,+7 412 675 9597
39,Claire,Lote,clote12@businessweek.com,Female,+47 777 820 4375
40,Clemmy,Applin,capplin13@t.co,Female,+62 710 891 7141
41,Shandee,Denholm,sdenholm14@oracle.com,Female,+7 188 696 8990
42,Calla,Readwin,creadwin15@umn.edu,Female,+1 782 274 7431
43,Melitta,Kording,mkording16@earthlink.net,Female,+48 545 143 0650
44,Vicki,Berrane,vberrane17@indiatimes.com,Female,+51 226 677 4526
45,Alasdair,Chinnock,achinnock18@feedburner.com,Male,+505 601 713 3596
46,Marcie,Plaster,mplaster19@kickstarter.com,Female,+86 739 436 2340
47,Lyn,Kingh,lkingh1a@buzzfeed.com,Agender,+62 523 291 2317
48,Errick,Ridewood,eridewood1b@webmd.com,Male,+389 159 215 1779
49,Arliene,O'Currane,aocurrane1c@theguardian.com,Female,+46 822 806 6302
50,Denna,Girkins,dgirkins1d@latimes.com,Female,+62 750 438 4795
51,Clair,Davydzenko,cdavydzenko1e@netvibes.com,Female,+66 605 309 0675
52,Elsbeth,Steeples,esteeples1f@fastcompany.com,Female,+232 133 300 5393
53,Eddie,Bodicam,ebodicam1g@dmoz.org,Male,+420 281 943 0140
54,Elihu,Bavester,ebavester1h@yelp.com,Male,+1 805 908 4715
55,Marve,Emmet,memmet1i@histats.com,Genderfluid,+86 418 766 9835
56,Erich,Rickardsson,erickardsson1j@deliciousdays.com,Male,+962 233 482 4340
57,Adelle,Bensusan,abensusan1k@gnu.org,Female,+62 267 961 0774
58,Morton,Whitty,mwhitty1l@google.nl,Male,+62 112 908 7420
59,Sadella,Cray,scray1m@bloglines.com,Female,+27 719 897 0939
60,Dorian,Benting,dbenting1n@cisco.com,Polygender,+55 647 660 6075
61,Timmi,Sarfat,tsarfat1o@vistaprint.com,Female,+34 225 113 1774
62,Thorn,Howley,thowley1p@home.pl,Male,+86 753 612 5186
63,Malina,Langlais,mlanglais1q@woothemes.com,Female,+421 743 404 9779
64,Elsa,Pummery,epummery1r@stanford.edu,Female,+7 758 113 6066
65,Tamarra,Riddles,triddles1s@dagondesign.com,Female,+48 378 506 9818
66,Heather,Papen,hpapen1t@mozilla.com,Female,+60 139 720 4782
67,Sebastiano,Krahl,skrahl1u@over-blog.com,Male,+86 249 365 2676
68,My,Statter,mstatter1v@cyberchimps.com,Male,+62 228 390 2603
69,Rozamond,Laingmaid,rlaingmaid1w@washingtonpost.com,Female,+1 758 422 3848
70,Bernelle,Klossek,bklossek1x@printfriendly.com,Female,+86 714 295 4366
71,Donnell,Calverd,dcalverd1y@skype.com,Male,+86 273 460 4398
72,Clarita,Cotsford,ccotsford1z@wunderground.com,Female,+62 283 800 1807
73,Jack,Hindenberger,jhindenberger20@mtv.com,Male,+86 919 765 2241
74,Cull,Pruckner,cpruckner21@wikipedia.org,Male,+98 288 241 3255
75,Ashley,Wimpeney,awimpeney22@nsw.gov.au,Male,+995 505 246 5085
76,Alyss,Darben,adarben23@posterous.com,Female,+231 966 474 0969
77,Roy,Kemer,rkemer24@dagondesign.com,Male,+46 431 131 1675
78,Wanda,Searight,wsearight25@google.it,Female,+33 329 902 0260
79,Gretna,Mulcock,gmulcock26@google.com.hk,Female,+31 805 461 6225
80,Wini,Tee,wtee27@1688.com,Female,+48 387 541 2751
81,Eberhard,Bresson,ebresson28@paypal.com,Male,+84 984 224 7787
82,Darci,Collcutt,dcollcutt29@businessweek.com,Female,+389 703 102 2233
83,Gwendolen,Klamman,gklamman2a@craigslist.org,Female,+86 576 487 5244
84,Reagan,Vinton,rvinton2b@engadget.com,Genderqueer,+46 337 478 0371
85,Laural,Bartley,lbartley2c@toplist.cz,Female,+970 547 967 7714
86,Kingsley,Copins,kcopins2d@newsvine.com,Male,+225 540 838 9064
87,Arlan,Masic,amasic2e@google.fr,Non-binary,+242 158 486 5273
88,Sidney,Thwaites,sthwaites2f@yelp.com,Male,+225 973 271 1034
89,Goraud,Hawkett,ghawkett2g@topsy.com,Male,+595 462 184 6702
90,Jerrold,Bettenay,jbettenay2h@about.me,Male,+86 135 642 7711
91,Dorene,Livings,dlivings2i@mail.ru,Female,+46 630 589 2742
92,Eugine,Leakner,eleakner2j@pen.io,Female,+55 810 972 7184
93,Dean,Narracott,dnarracott2k@samsung.com,Male,+420 521 909 2401
94,Chane,Hughman,chughman2l@about.com,Male,+32 956 598 0792
95,Wes,Bodesson,wbodesson2m@merriam-webster.com,Male,+966 682 786 1741
96,Bethanne,Gerretsen,bgerretsen2n@qq.com,Female,+224 935 465 3007
97,Jerrilyn,Hanhart,jhanhart2o@techcrunch.com,Agender,+7 288 870 5025
98,Hagan,Saterweyte,hsaterweyte2p@t.co,Male,+51 552 147 9808
99,Xever,Andryushin,xandryushin2q@archive.org,Male,+385 173 251 5853
100,Ignazio,Scatcher,iscatcher2r@reddit.com,Male,+54 520 358 4476
101,Edsel,Tapscott,etapscott2s@blinklist.com,Male,+33 238 225 7240
102,Sherman,Gabotti,sgabotti2t@stanford.edu,Male,+95 223 973 0501
103,Olympia,Raff,oraff2u@soup.io,Female,+212 560 507 6130
104,Goran,Haskins,ghaskins2v@merriam-webster.com,Male,+54 736 180 5328
105,Agna,Shreeves,ashreeves2w@typepad.com,Female,+86 561 269 1611
106,Valerie,Harder,vharder2x@usa.gov,Bigender,+81 268 904 3586
107,Ekaterina,Cargon,ecargon2y@bigcartel.com,Agender,+86 652 282 6817
108,Gradeigh,Belchem,gbelchem2z@imageshack.us,Male,+48 924 844 3269
109,Abdul,Coronas,acoronas30@artisteer.com,Male,+63 747 164 5428
110,Hallie,Van Dale,hvandale31@apple.com,Female,+86 537 164 9899
111,Gregoor,Shackelton,gshackelton32@1688.com,Male,+46 286 844 5735
112,Elliot,Bruhnke,ebruhnke33@seesaa.net,Male,+27 764 198 9980
113,Nadeen,Dyer,ndyer34@opera.com,Agender,+86 760 484 9516
114,Ruddie,Sawbridge,rsawbridge35@stanford.edu,Male,+7 452 378 3562
115,Richy,Nutbean,rnutbean36@shop-pro.jp,Agender,+86 309 922 5406
116,Opaline,Onians,oonians37@fema.gov,Female,+33 699 211 1132
117,Hedwiga,Divina,hdivina38@oakley.com,Female,+509 868 745 1986
118,Melita,Pollendine,mpollendine39@baidu.com,Polygender,+381 332 943 6611
119,Lorry,Hancke,lhancke3a@edublogs.org,Male,+86 268 530 5136
120,Milt,Mebes,mmebes3b@tripod.com,Genderfluid,+48 418 775 9394
121,Dal,Pease,dpease3c@huffingtonpost.com,Male,+62 327 920 7300
122,Kerrie,Bellfield,kbellfield3d@pbs.org,Female,+1 504 280 3791
123,Gipsy,Arnet,garnet3e@51.la,Female,+254 483 307 5265
124,Brent,Foxen,bfoxen3f@topsy.com,Male,+86 190 374 2624
125,Percival,McKeevers,pmckeevers3g@hugedomains.com,Male,+98 661 842 1341
126,Dewie,Marchello,dmarchello3h@biblegateway.com,Male,+86 777 528 0180
127,Kathi,Perrott,kperrott3i@cmu.edu,Female,+964 190 496 7665
128,Lucila,Piccop,lpiccop3j@walmart.com,Female,+251 778 487 1800
129,Hermia,Filippucci,hfilippucci3k@hubpages.com,Bigender,+375 743 670 5838
130,Cinda,Di Gregorio,cdigregorio3l@miitbeian.gov.cn,Female,+30 269 766 0447
131,Skippie,Stedman,sstedman3m@salon.com,Male,+356 118 680 8919
132,Abbe,Keyhoe,akeyhoe3n@fotki.com,Male,+86 329 192 9844
133,Dari,MacDougall,dmacdougall3o@bbc.co.uk,Female,+54 208 525 7198
134,Gordan,Walden,gwalden3p@ezinearticles.com,Male,+258 400 536 2025
135,Audre,Ingarfill,aingarfill3q@bbc.co.uk,Female,+352 709 933 7982
136,Dilan,Sacaze,dsacaze3r@jiathis.com,Male,+55 927 965 8450
137,Brenn,Kennelly,bkennelly3s@cnet.com,Female,+86 251 832 2751
138,Robby,Dinjes,rdinjes3t@pbs.org,Male,+420 170 805 3457
139,Sharron,Templeman,stempleman3u@dyndns.org,Bigender,+62 360 186 7282
140,Mahmud,Vickress,mvickress3v@newyorker.com,Male,+234 907 869 7343
141,Maggee,Feavyour,mfeavyour3w@uiuc.edu,Female,+81 682 125 4009
142,Aylmer,Piscotti,apiscotti3x@statcounter.com,Bigender,+46 821 341 2989
143,Zeb,Gales,zgales3y@buzzfeed.com,Male,+86 661 928 1569
144,Alaine,Wonham,awonham3z@unicef.org,Non-binary,+598 709 598 4849
145,Frazer,Saltman,fsaltman40@amazon.com,Male,+86 930 369 0317
146,Sianna,Clew,sclew41@cdbaby.com,Female,+850 966 117 8971
147,Thibaut,Banishevitz,tbanishevitz42@list-manage.com,Male,+63 720 207 7050
148,Vladamir,Ygoe,vygoe43@de.vu,Male,+86 162 449 0254
149,Ola,Devon,odevon44@nhs.uk,Female,+86 365 366 6258
150,Jule,Frapwell,jfrapwell45@technorati.com,Male,+420 812 954 0994
151,Donal,Diche,ddiche46@indiegogo.com,Male,+48 754 787 6126
152,Morse,Mattheeuw,mmattheeuw47@springer.com,Male,+57 865 295 4380
153,Hermia,Ander,hander48@infoseek.co.jp,Female,+55 558 981 6788
154,Lenard,Eborall,leborall49@csmonitor.com,Male,+502 107 248 1199
155,Mag,MacSwayde,mmacswayde4a@google.ca,Female,+591 175 487 0601
156,Osgood,Simpson,osimpson4b@hp.com,Male,+258 565 233 9220
157,Gianni,Avieson,gavieson4c@creativecommons.org,Male,+86 779 735 3161
158,Kyrstin,Egerton,kegerton4d@amazon.com,Female,+351 544 353 2506
159,Vilma,Woodhead,vwoodhead4e@goodreads.com,Non-binary,+86 476 827 5709
160,Gavan,Peagrim,gpeagrim4f@google.de,Male,+7 184 741 0557
161,Olag,Stoute,ostoute4g@reuters.com,Polygender,+33 814 726 4208
162,Mayor,Dunstan,mdunstan4h@icq.com,Male,+81 977 280 1152
163,Amye,Bollard,abollard4i@mashable.com,Female,+7 326 340 3473
164,Maximo,Hedaux,mhedaux4j@comcast.net,Male,+221 769 585 3972
165,Edwina,Sines,esines4k@symantec.com,Female,+86 189 721 0831
166,Ram,Cuppleditch,rcuppleditch4l@tinyurl.com,Male,+55 311 814 0408
167,Nerty,Rosencwaig,nrosencwaig4m@hostgator.com,Female,+1 639 431 6806
168,Gianni,Ryson,gryson4n@oracle.com,Male,+594 746 215 7966
169,Alphonse,Lanbertoni,alanbertoni4o@a8.net,Male,+976 223 400 2565
170,Arvie,Harrema,aharrema4p@ed.gov,Male,+54 902 758 2527
171,Marcos,McNelly,mmcnelly4q@youtube.com,Male,+7 151 783 6527
172,Keslie,Pimlett,kpimlett4r@quantcast.com,Female,+63 973 270 5325
173,Dana,Liversage,dliversage4s@earthlink.net,Male,+375 959 890 6622
174,Gwenneth,Thame,gthame4t@wiley.com,Female,+92 489 163 4598
175,Veronica,Abramsky,vabramsky4u@domainmarket.com,Female,+48 816 901 4047
176,Stillman,Cuss,scuss4v@wunderground.com,Male,+1 256 859 9819
177,Markos,Bartalot,mbartalot4w@jiathis.com,Male,+86 680 119 0091
178,Noby,Thams,nthams4x@jimdo.com,Male,+54 516 502 9265
179,Betta,Tewelson,btewelson4y@bravesites.com,Agender,+86 863 381 0465
180,Fay,Search,fsearch4z@foxnews.com,Female,+81 129 467 9078
181,Den,Ucceli,ducceli50@liveinternet.ru,Male,+7 557 716 7712
182,Huntington,Reskelly,hreskelly51@spotify.com,Genderqueer,+595 693 429 4717
183,Lauri,Bartolomeazzi,lbartolomeazzi52@archive.org,Female,+7 103 599 8647
184,Sandi,Whiteland,swhiteland53@diigo.com,Female,+51 200 518 6713
185,Jarid,Kinze,jkinze54@vkontakte.ru,Male,+86 403 949 4561
186,Grethel,Schirok,gschirok55@jigsy.com,Female,+351 253 156 5758
187,Anallise,O'Dare,aodare56@list-manage.com,Female,+62 862 978 8518
188,Donal,Calton,dcalton57@shinystat.com,Male,+86 535 589 9800
189,Hunter,Levi,hlevi58@kickstarter.com,Male,+86 735 423 8394
190,Consuela,Leedes,cleedes59@simplemachines.org,Female,+1 782 828 0962
191,Chadd,Cheater,ccheater5a@whitehouse.gov,Male,+7 961 126 9127
192,Pepita,Wass,pwass5b@twitter.com,Genderfluid,+886 354 157 2069
193,Irita,Soffe,isoffe5c@sciencedaily.com,Female,+371 402 635 4431
194,Cirilo,Snelgrove,csnelgrove5d@liveinternet.ru,Male,+62 110 680 8924
195,Drusie,Prozescky,dprozescky5e@wix.com,Female,+52 270 512 6818
196,Anatole,Angrave,aangrave5f@com.com,Male,+86 776 621 0358
197,Cristin,Affron,caffron5g@marriott.com,Female,+86 362 304 9018
198,Windham,Kemmett,wkemmett5h@ihg.com,Male,+81 963 653 4156
199,Kent,Geggus,kgeggus5i@marriott.com,Male,+420 803 590 1317
200,Georgie,Andryushchenko,gandryushchenko5j@ihg.com,Non-binary,+7 866 246 6562
201,Eartha,Willshire,ewillshire5k@illinois.edu,Female,+502 488 459 5566
202,Danica,Neenan,dneenan5l@unblog.fr,Female,+223 601 186 2204
203,Jarred,Wallage,jwallage5m@sitemeter.com,Male,+58 533 540 3828
204,Seamus,Matokhnin,smatokhnin5n@vinaora.com,Male,+86 609 382 9647
205,Any,Gregolotti,agregolotti5o@google.pl,Male,+351 288 518 4995
206,Alikee,Drohun,adrohun5p@chron.com,Female,+7 990 694 9756
207,Holly-anne,Chittem,hchittem5q@bbb.org,Female,+55 621 550 4540
208,Lewie,Caven,lcaven5r@wunderground.com,Genderfluid,+7 728 157 9162
209,Rana,Fairclough,rfairclough5s@nsw.gov.au,Female,+62 943 682 9105
210,Ruttger,Ahrendsen,rahrendsen5t@abc.net.au,Male,+46 782 726 1749
211,Toby,Rubinsztein,trubinsztein5u@ucoz.ru,Male,+55 843 235 3769
212,Darsey,Ferris,dferris5v@scientificamerican.com,Female,+261 439 848 6850
213,Drucie,Spurdon,dspurdon5w@salon.com,Female,+63 441 794 5759
214,Rennie,Berthot,rberthot5x@desdev.cn,Female,+86 575 996 9901
215,Jodi,Wombwell,jwombwell5y@quantcast.com,Male,+62 516 499 1489
216,Fredrick,Grzeszczak,fgrzeszczak5z@unc.edu,Male,+33 224 967 4857
217,Phineas,Scambler,pscambler60@blogtalkradio.com,Male,+1 520 797 8353
218,Hewitt,Maudson,hmaudson61@ovh.net,Male,+7 172 525 6698
219,Mile,Reay,mreay62@joomla.org,Genderqueer,+420 704 720 7861
220,Adelaide,Von Welden,avonwelden63@accuweather.com,Female,+7 536 556 4764
221,Lissy,Riddel,lriddel64@china.com.cn,Bigender,+95 335 790 3562
222,Bradan,Biddwell,bbiddwell65@123-reg.co.uk,Male,+593 562 140 1348
223,Brendin,Sexstone,bsexstone66@lulu.com,Male,+27 910 278 4173
224,Kayla,Boag,kboag67@nbcnews.com,Female,+7 152 248 0012
225,Haley,Buckeridge,hbuckeridge68@dailymail.co.uk,Male,+86 261 204 0152
226,Iago,Slemming,islemming69@noaa.gov,Male,+58 709 442 5570
227,Jephthah,Ambroix,jambroix6a@bigcartel.com,Male,+62 538 857 3480
228,Anatol,Rodman,arodman6b@w3.org,Male,+7 690 707 9627
229,Trudey,MacNeilage,tmacneilage6c@unblog.fr,Female,+44 163 365 0538
230,Dallas,Cloake,dcloake6d@jalbum.net,Male,+373 102 557 0663
231,Anselma,Oxenbury,aoxenbury6e@jalbum.net,Female,+30 422 773 6882
232,Cristi,Cheney,ccheney6f@clickbank.net,Female,+386 185 515 5806
233,Bank,Uzelli,buzelli6g@ehow.com,Male,+55 323 366 4593
234,Shane,Marling,smarling6h@stanford.edu,Female,+55 779 903 0242
235,Jim,Lazenby,jlazenby6i@biblegateway.com,Male,+62 568 565 9732
236,Rob,Dunlap,rdunlap6j@wordpress.org,Male,+420 367 857 2648
237,Berk,Else,belse6k@geocities.jp,Genderqueer,+62 285 514 7674
238,Conant,Segge,csegge6l@storify.com,Male,+381 943 741 2577
239,Othella,McCorley,omccorley6m@tamu.edu,Female,+86 949 223 0023
240,Maiga,Gommey,mgommey6n@webs.com,Female,+62 626 593 3685
241,Isabeau,Brett,ibrett6o@elegantthemes.com,Female,+33 282 477 4317
242,Esteban,Fipp,efipp6p@thetimes.co.uk,Male,+62 862 502 8450
243,Yettie,Lynn,ylynn6q@prlog.org,Female,+355 816 953 1469
244,Marcellus,Waiton,mwaiton6r@slate.com,Male,+54 452 269 2684
245,Carlene,Dusting,cdusting6s@vistaprint.com,Female,+256 743 399 6581
246,Ludvig,Paulack,lpaulack6t@lulu.com,Male,+92 377 387 9945
247,Hallie,Chisholme,hchisholme6u@blogspot.com,Female,+58 346 252 1211
248,Khalil,Dummigan,kdummigan6v@icio.us,Male,+255 228 204 7682
249,Daryl,Howatt,dhowatt6w@mapquest.com,Female,+380 341 672 6934
250,Yettie,McCray,ymccray6x@t.co,Female,+86 704 306 7939
251,Iolanthe,Fidge,ifidge6y@t.co,Female,+86 392 138 9379
252,Pavel,Dawidowsky,pdawidowsky6z@baidu.com,Bigender,+970 528 874 6074
253,Jaimie,Markussen,jmarkussen70@360.cn,Female,+251 791 755 2659
254,Josephine,Canti,jcanti71@accuweather.com,Female,+351 322 137 2044
255,Merle,Coltart,mcoltart72@ocn.ne.jp,Female,+1 602 737 4280
256,Keefer,Bradane,kbradane73@hubpages.com,Male,+973 504 381 8537
257,Giacopo,Collomosse,gcollomosse74@cpanel.net,Agender,+58 806 173 8289
258,Douglas,Hurcombe,dhurcombe75@skype.com,Male,+970 794 781 2839
259,Pauline,Caw,pcaw76@cnet.com,Female,+86 483 676 3499
260,Arlinda,Flory,aflory77@bravesites.com,Female,+55 918 655 8838
261,Rivy,Aseef,raseef78@ucoz.com,Female,+31 281 341 1442
262,Jamie,Stovine,jstovine79@salon.com,Male,+86 675 258 8096
263,Sophia,McArd,smcard7a@bloomberg.com,Female,+63 168 625 8907
264,Charmion,Tames,ctames7b@chron.com,Female,+93 738 718 8168
265,Horst,Scantlebury,hscantlebury7c@bigcartel.com,Male,+86 965 462 4260
266,Ailene,Southeran,asoutheran7d@theguardian.com,Bigender,+41 738 255 6714
267,Daphene,Vina,dvina7e@tinypic.com,Female,+503 545 266 9619
268,Allen,Shallcross,ashallcross7f@amazon.co.jp,Male,+62 799 987 5310
269,Tarra,Doodney,tdoodney7g@delicious.com,Female,+55 737 164 0823
270,Hyacinthe,Lidgey,hlidgey7h@loc.gov,Female,+351 635 291 0416
271,Michel,Lawrenceson,mlawrenceson7i@amazon.de,Female,+51 162 921 5019
272,Davy,Brower,dbrower7j@yale.edu,Male,+31 363 672 4744
273,Curran,Lefley,clefley7k@ocn.ne.jp,Male,+46 956 805 5136
274,Tedd,Ertelt,tertelt7l@acquirethisname.com,Male,+84 368 241 2465
275,Scott,Malec,smalec7m@barnesandnoble.com,Male,+686 368 871 8331
276,Tabby,Richardes,trichardes7n@instagram.com,Male,+62 157 573 9357
277,Kiley,Leupoldt,kleupoldt7o@acquirethisname.com,Male,+420 623 862 9581
278,Ricca,Peirpoint,rpeirpoint7p@ning.com,Female,+62 940 211 8122
279,Beret,Epperson,bepperson7q@usatoday.com,Female,+30 513 473 4076
280,Lily,Elcox,lelcox7r@cocolog-nifty.com,Female,+63 254 705 6956
281,Richard,Townend,rtownend7s@thetimes.co.uk,Male,+86 265 973 4220
282,Sanderson,De Bernardi,sdebernardi7t@hostgator.com,Male,+7 790 217 6561
283,Wainwright,Bruhn,wbruhn7u@cpanel.net,Non-binary,+62 803 112 1615
284,Hermie,Elnough,helnough7v@blogspot.com,Male,+53 734 954 7261
285,Gavan,Clare,gclare7w@dell.com,Non-binary,+98 139 305 3928
286,Manon,Hawkeridge,mhawkeridge7x@booking.com,Female,+86 404 667 9130
287,Stacia,Holdworth,sholdworth7y@freewebs.com,Female,+1 209 680 4324
288,Kary,Aslott,kaslott7z@hibu.com,Female,+48 762 822 6745
289,Wait,MacGowing,wmacgowing80@typepad.com,Male,+20 311 518 1604
290,Hetty,Kale,hkale81@umn.edu,Female,+692 217 934 2946
291,Lynnette,Paz,lpaz82@rediff.com,Female,+62 585 810 8339
292,Papageno,Cheng,pcheng83@prlog.org,Male,+1 212 497 8067
293,Ebonee,Caughte,ecaughte84@privacy.gov.au,Polygender,+225 996 114 7808
294,Rheta,Flobert,rflobert85@cbc.ca,Female,+62 100 706 3303
295,Webb,Kock,wkock86@bigcartel.com,Male,+84 246 217 7701
296,Tann,Dunstan,tdunstan87@mtv.com,Male,+62 423 783 8175
297,Stacy,Broster,sbroster88@shinystat.com,Female,+66 184 475 6372
298,Eddie,Mills,emills89@yahoo.com,Female,+86 565 694 4234
299,Lyda,Kennard,lkennard8a@wufoo.com,Female,+48 151 637 6167
300,Shirlene,Lote,slote8b@aol.com,Female,+509 915 162 9838
301,Koralle,Pordal,kpordal8c@storify.com,Female,+62 634 454 0091
302,Annaliese,Bute,abute8d@discovery.com,Genderfluid,+252 189 742 1297
303,Tab,Shaw,tshaw8e@google.de,Male,+48 202 403 1304
304,Garner,Catherine,gcatherine8f@amazon.de,Male,+62 599 969 4327
305,Abigael,Gibbe,agibbe8g@tinyurl.com,Female,+98 749 546 7226
306,Abagael,Huonic,ahuonic8h@slate.com,Female,+86 263 769 5271
307,Glennie,Manueau,gmanueau8i@zdnet.com,Female,+81 648 553 9912
308,Winslow,Kleisle,wkleisle8j@shareasale.com,Male,+63 917 998 8252
309,Nessie,Nellies,nnellies8k@amazon.com,Female,+62 925 783 1113
310,Myron,Rossey,mrossey8l@hhs.gov,Male,+63 304 482 4999
311,Callean,Vercruysse,cvercruysse8m@sbwire.com,Male,+46 889 146 9407
312,Allys,Lubeck,alubeck8n@newyorker.com,Female,+256 210 402 3978
313,Violante,Overel,voverel8o@soup.io,Female,+86 712 583 5191
314,Emery,Debrett,edebrett8p@edublogs.org,Male,+86 747 535 8269
315,Ad,Quirke,aquirke8q@studiopress.com,Male,+371 765 585 4202
316,Reggy,Sparkwell,rsparkwell8r@jugem.jp,Male,+94 279 267 8333
317,Franchot,Borman,fborman8s@nyu.edu,Male,+55 717 464 6105
318,Shae,Goodboddy,sgoodboddy8t@thetimes.co.uk,Male,+506 229 464 3187
319,Blane,Sidebottom,bsidebottom8u@jimdo.com,Male,+7 618 731 6213
320,Hans,Grimbaldeston,hgrimbaldeston8v@dedecms.com,Male,+86 142 661 2824
321,Enoch,Gobat,egobat8w@gravatar.com,Male,+62 241 816 9421
322,Dodie,Milleton,dmilleton8x@sina.com.cn,Female,+255 132 795 5241
323,Doreen,Cawthra,dcawthra8y@meetup.com,Non-binary,+20 963 196 5535
324,Vinny,Shrimplin,vshrimplin8z@chron.com,Female,+63 548 677 4563
325,Al,Kilgannon,akilgannon90@berkeley.edu,Male,+93 957 648 9711
326,Granny,Merrifield,gmerrifield91@theglobeandmail.com,Male,+33 933 968 3449
327,Rafaelita,Lyddon,rlyddon92@hc360.com,Genderqueer,+84 638 904 3467
328,Delmer,Seller,dseller93@gmpg.org,Male,+1 205 917 8273
329,Ralf,Marzellano,rmarzellano94@ow.ly,Male,+86 366 144 8594
330,Justen,Godsell,jgodsell95@utexas.edu,Male,+62 957 753 0663
331,Rivi,Kitt,rkitt96@imgur.com,Female,+63 348 678 3707
332,Nappie,Langstrath,nlangstrath97@tmall.com,Male,+62 712 766 7413
333,Morse,O'Driscole,modriscole98@sciencedaily.com,Male,+81 869 446 5361
334,Jobina,Learie,jlearie99@cbc.ca,Female,+680 289 339 3714
335,Deny,d'Arcy,ddarcy9a@tinypic.com,Female,+81 726 650 1660
336,Evelin,Eckersall,eeckersall9b@technorati.com,Genderqueer,+62 726 331 2495
337,Aidan,Ryder,aryder9c@symantec.com,Female,+48 300 351 2639
338,Tallia,Puxley,tpuxley9d@abc.net.au,Female,+63 350 792 0560
339,Riccardo,Pancast,rpancast9e@blog.com,Male,+7 321 296 1766
340,Jacobo,Gimeno,jgimeno9f@uol.com.br,Male,+62 121 139 9182
341,Case,Quinnette,cquinnette9g@si.edu,Male,+48 891 760 1290
342,Buffy,Qusklay,bqusklay9h@archive.org,Female,+62 177 571 4690
343,Pegeen,Kikke,pkikke9i@merriam-webster.com,Genderfluid,+62 400 641 5891
344,Fey,Huncote,fhuncote9j@apache.org,Female,+251 189 206 1658
345,Shurwood,Fattori,sfattori9k@cargocollective.com,Male,+387 150 339 0369
346,Morse,Humbell,mhumbell9l@so-net.ne.jp,Polygender,+63 372 941 9173
347,Douglass,Chaim,dchaim9m@liveinternet.ru,Male,+64 371 711 1971
348,Joice,Truswell,jtruswell9n@amazon.co.uk,Female,+591 729 742 8054
349,Natka,Murrock,nmurrock9o@phoca.cz,Female,+63 280 877 9109
350,Suzie,Firpi,sfirpi9p@lycos.com,Female,+595 701 496 1211
351,Inglebert,Feehily,ifeehily9q@github.com,Male,+57 871 643 2218
352,Kaitlyn,Ebbett,kebbett9r@umn.edu,Non-binary,+86 927 101 3953
353,Garvy,Hocking,ghocking9s@apache.org,Male,+86 228 353 8243
354,Livy,Pordal,lpordal9t@go.com,Female,+81 528 810 1207
355,Nicoline,Ondrak,nondrak9u@webeden.co.uk,Female,+52 878 737 2423
356,Chandler,Kimmons,ckimmons9v@ucsd.edu,Male,+86 689 724 4337
357,Garrek,Belch,gbelch9w@economist.com,Male,+30 572 640 0189
358,Horace,Watkiss,hwatkiss9x@google.nl,Male,+261 469 505 5730
359,Hildegarde,Herley,hherley9y@miitbeian.gov.cn,Female,+46 431 572 1243
360,Lionello,Parham,lparham9z@slate.com,Male,+63 502 713 4180
361,Carroll,Vamplers,cvamplersa0@alibaba.com,Male,+48 454 560 0586
362,Isidoro,Gorgen,igorgena1@nps.gov,Male,+420 830 312 3260
363,Liuka,Domelaw,ldomelawa2@hostgator.com,Female,+64 999 823 1911
364,Osbert,Frugier,ofrugiera3@twitpic.com,Male,+86 872 343 6789
365,Grissel,Bridson,gbridsona4@bigcartel.com,Female,+269 579 261 8854
366,Clovis,Lehrian,clehriana5@etsy.com,Polygender,+98 270 954 6741
367,Parry,Lovejoy,plovejoya6@desdev.cn,Non-binary,+86 172 203 3152
368,Mikol,Adlam,madlama7@sitemeter.com,Male,+63 253 448 8285
369,Klarika,Yelding,kyeldinga8@woothemes.com,Female,+86 642 882 9624
370,Ann,Luscott,aluscotta9@gov.uk,Female,+86 322 958 5476
371,Corey,Baruch,cbaruchaa@mayoclinic.com,Female,+380 451 648 4724
372,Wandis,Seebright,wseebrightab@ycombinator.com,Female,+63 913 876 2633
373,Avrit,Dennistoun,adennistounac@admin.ch,Female,+7 589 219 1553
374,Maxi,Keating,mkeatingad@washingtonpost.com,Female,+961 479 752 6635
375,Frasco,Doughtery,fdoughteryae@com.com,Male,+355 105 218 0121
376,Olympie,Kliemann,okliemannaf@tamu.edu,Female,+212 597 643 5913
377,Poul,Hug,phugag@eventbrite.com,Male,+63 395 134 2049
378,Ernestus,Cordeiro,ecordeiroah@nasa.gov,Male,+385 835 308 3884
379,Ches,Connikie,cconnikieai@friendfeed.com,Male,+420 421 853 3035
380,Carolus,Pettiward,cpettiwardaj@hexun.com,Male,+62 867 151 8974
381,Tabbie,Syphas,tsyphasak@sbwire.com,Female,+55 648 269 7236
382,Arlana,Winger,awingeral@usatoday.com,Female,+57 586 983 5615
383,Rubin,Teall,rteallam@domainmarket.com,Male,+48 448 193 5135
384,Roi,Trye,rtryean@statcounter.com,Male,+86 297 133 2351
385,Conni,McCrackem,cmccrackemao@hostgator.com,Female,+33 449 122 7159
386,Anatol,Bonanno,abonannoap@blog.com,Male,+963 328 643 4217
387,Westbrook,Barfield,wbarfieldaq@jigsy.com,Genderqueer,+86 744 241 9746
388,Horacio,Yurasov,hyurasovar@biblegateway.com,Male,+55 714 317 1890
389,Aymer,Goding,agodingas@zimbio.com,Male,+63 753 792 4645
390,Bambi,Benedetti,bbenedettiat@mozilla.org,Female,+86 315 688 3811
391,Ruthanne,Piper,rpiperau@nih.gov,Female,+254 351 767 3267
392,Oliviero,Hulson,ohulsonav@yandex.ru,Male,+86 163 936 6882
393,Emanuel,Cohn,ecohnaw@hhs.gov,Male,+86 971 860 8337
394,Josephina,Bahike,jbahikeax@ning.com,Female,+380 288 111 8716
395,Llewellyn,Genny,lgennyay@google.co.jp,Male,+63 166 122 5109
396,Kellen,Dominick,kdominickaz@miibeian.gov.cn,Female,+1 991 800 5978
397,Geri,Golley,ggolleyb0@howstuffworks.com,Agender,+63 400 971 6608
398,Magnum,Withnall,mwithnallb1@scribd.com,Male,+353 749 928 5617
399,Shaine,Gooddie,sgooddieb2@wordpress.org,Male,+51 485 809 8093
400,Jard,Ricardet,jricardetb3@tinypic.com,Male,+86 437 659 9785
401,Megen,MacEnelly,mmacenellyb4@unblog.fr,Female,+237 159 706 3170
402,Fern,Huddy,fhuddyb5@google.co.uk,Female,+968 248 526 7349
403,Redd,Lempke,rlempkeb6@statcounter.com,Male,+502 137 297 4843
404,Junia,Bucknell,jbucknellb7@t-online.de,Female,+84 280 549 4692
405,Dominique,Perrygo,dperrygob8@reference.com,Female,+57 714 213 9563
406,Martguerita,Simcock,msimcockb9@360.cn,Female,+94 435 761 3347
407,Bellina,Gobourn,bgobournba@businessinsider.com,Female,+51 350 246 4590
408,Wilow,Fere,wferebb@technorati.com,Female,+212 743 329 9225
409,Ricardo,Weerdenburg,rweerdenburgbc@flavors.me,Male,+216 934 603 9402
410,Dianemarie,Dugald,ddugaldbd@nbcnews.com,Female,+504 973 288 3738
411,Herculie,Haslen,hhaslenbe@pcworld.com,Male,+84 671 154 5787
412,Jillie,Delcastel,jdelcastelbf@google.com.hk,Female,+249 864 483 5682
413,Gilburt,Geere,ggeerebg@feedburner.com,Male,+63 263 717 0000
414,Ricky,Gibbin,rgibbinbh@engadget.com,Female,+51 364 960 8406
415,Giana,Itzhayek,gitzhayekbi@hud.gov,Genderfluid,+60 977 110 1484
416,Anstice,Stanion,astanionbj@samsung.com,Female,+86 508 861 6813
417,Lydie,Hobson,lhobsonbk@wix.com,Female,+504 874 684 1940
418,Waylen,Picken,wpickenbl@amazon.co.uk,Male,+63 418 160 0016
419,Reece,Barbosa,rbarbosabm@va.gov,Male,+351 295 590 7067
420,Rhiamon,Marchello,rmarchellobn@nymag.com,Female,+1 864 581 0538
421,Lisha,Tabrett,ltabrettbo@fema.gov,Female,+86 339 888 3214
422,Bobinette,Kingzeth,bkingzethbp@biblegateway.com,Female,+62 487 450 8572
423,Abbey,Aliberti,aalibertibq@europa.eu,Female,+62 924 142 6673
424,Tiebold,Jentges,tjentgesbr@nydailynews.com,Male,+7 887 253 7613
425,Libbie,Pennazzi,lpennazzibs@domainmarket.com,Female,+86 338 563 7744
426,Cale,Bonin,cboninbt@vinaora.com,Male,+33 467 141 7836
427,Freddi,Leavey,fleaveybu@sciencedirect.com,Female,+351 788 628 4349
428,Arch,Brech,abrechbv@patch.com,Male,+1 412 755 1020
429,Tallou,Memmory,tmemmorybw@wikia.com,Female,+385 421 649 8845
430,Warren,Dionisii,wdionisiibx@rambler.ru,Male,+62 401 725 2006
431,Harbert,Bartolomeoni,hbartolomeoniby@ehow.com,Male,+27 129 358 2645
432,Benoit,Longmore,blongmorebz@prnewswire.com,Male,+86 221 519 1020
433,Albrecht,Worledge,aworledgec0@europa.eu,Genderqueer,+62 780 659 6804
434,Ailey,Didsbury,adidsburyc1@drupal.org,Female,+420 890 179 3528
435,Greg,Ramage,gramagec2@tripadvisor.com,Male,+380 396 167 4979
436,Alfy,Rehm,arehmc3@paypal.com,Male,+86 837 844 5934
437,Farrel,Hembry,fhembryc4@ucla.edu,Male,+375 476 613 4348
438,Saundra,Von Welldun,svonwelldunc5@webeden.co.uk,Male,+62 920 129 9792
439,Jeffie,Ulster,julsterc6@mlb.com,Male,+62 945 592 9429
440,Reeva,Eversfield,reversfieldc7@posterous.com,Polygender,+266 337 213 7802
441,Karina,Thomassin,kthomassinc8@mediafire.com,Female,+95 516 632 4375
442,Rick,Caudrey,rcaudreyc9@smh.com.au,Male,+86 306 607 3941
443,Konstanze,Mockler,kmocklerca@tinyurl.com,Female,+351 965 344 8127
444,Inez,McLachlan,imclachlancb@qq.com,Female,+970 656 959 5331
445,Hedda,Melmore,hmelmorecc@hc360.com,Female,+44 863 762 3846
446,Charis,Janousek,cjanousekcd@last.fm,Female,+353 960 113 3157
447,Carny,Sotheron,csotheronce@ucsd.edu,Male,+62 187 956 5181
448,Niven,Titcombe,ntitcombecf@cargocollective.com,Male,+86 882 747 8251
449,Lissie,Silberschatz,lsilberschatzcg@microsoft.com,Female,+62 409 660 4672
450,Stevie,Burnup,sburnupch@t.co,Male,+62 161 772 5569
451,Idaline,Deverale,ideveraleci@economist.com,Female,+420 561 310 1432
452,Timotheus,Abys,tabyscj@wikispaces.com,Agender,+86 897 597 7375
453,Victor,Prestney,vprestneyck@e-recht24.de,Male,+7 999 169 0200
454,Corey,Haddon,chaddoncl@ucoz.ru,Female,+62 521 158 9476
455,Annora,Duker,adukercm@sciencedirect.com,Female,+46 196 895 5481
456,Renaud,O'Hengerty,rohengertycn@examiner.com,Male,+33 577 254 9146
457,Maryrose,Osler,moslerco@businessweek.com,Female,+263 597 353 7007
458,Silvana,Rotchell,srotchellcp@dmoz.org,Female,+86 359 590 3567
459,Babette,Dondon,bdondoncq@wikispaces.com,Agender,+63 620 532 9687
460,Luise,Cranham,lcranhamcr@newsvine.com,Female,+1 239 431 8476
461,Elsey,Minerdo,eminerdocs@salon.com,Female,+55 157 329 6505
462,Ellswerth,Konke,ekonkect@psu.edu,Male,+48 367 259 2599
463,Hermy,Pike,hpikecu@php.net,Male,+381 194 532 1605
464,Abbie,Caldeyroux,acaldeyrouxcv@smh.com.au,Female,+7 555 804 3127
465,Kienan,Tremolieres,ktremolierescw@google.pl,Male,+7 294 536 1158
466,Gothart,Cavilla,gcavillacx@hp.com,Male,+62 683 550 5317
467,Pavlov,Ong,pongcy@ft.com,Male,+972 558 169 7020
468,Uri,Cuskery,ucuskerycz@sitemeter.com,Male,+7 148 880 5800
469,Austen,Rummery,arummeryd0@slashdot.org,Male,+351 109 342 6859
470,Jamil,Harvey,jharveyd1@symantec.com,Male,+1 860 248 1974
471,Maryanna,Saltmarsh,msaltmarshd2@guardian.co.uk,Female,+1 832 350 2554
472,Bondy,Parnell,bparnelld3@furl.net,Male,+420 669 158 1401
473,Steffane,Donnett,sdonnettd4@cdc.gov,Female,+63 693 744 3509
474,Jandy,Feaster,jfeasterd5@github.io,Female,+358 173 227 0236
475,Crin,Vesco,cvescod6@businessinsider.com,Female,+86 446 836 5904
476,Hayward,Steward,hstewardd7@yahoo.com,Male,+351 211 651 0083
477,Sergent,Harome,sharomed8@slideshare.net,Male,+351 775 326 1278
478,Karlens,Crossdale,kcrossdaled9@patch.com,Male,+995 368 799 8313
479,Adriane,Canon,acanonda@blog.com,Female,+27 911 997 6352
480,Alecia,Udall,audalldb@redcross.org,Female,+84 512 922 6905
481,Lilla,Lyal,llyaldc@unblog.fr,Female,+420 891 639 9763
482,Agnesse,Monery,amonerydd@multiply.com,Female,+1 608 857 7699
483,Clio,Pechard,cpechardde@github.io,Female,+66 707 314 2285
484,Tremayne,Morena,tmorenadf@github.com,Male,+86 114 505 6300
485,Addie,Trippett,atrippettdg@parallels.com,Female,+230 596 699 0428
486,Caitlin,Raselles,crasellesdh@ning.com,Female,+62 123 464 1465
487,Toddy,Stickel,tstickeldi@nbcnews.com,Male,+48 162 919 9864
488,Larina,Kiwitz,lkiwitzdj@hhs.gov,Female,+86 205 334 7710
489,Oralia,Chimienti,ochimientidk@buzzfeed.com,Female,+86 209 864 5618
490,Sherwin,Ruvel,sruveldl@sina.com.cn,Male,+968 228 527 7826
491,Alexis,Vearnals,avearnalsdm@nifty.com,Female,+48 133 607 9376
492,Anastasia,MacKerley,amackerleydn@devhub.com,Female,+86 335 729 9819
493,Meier,Davidovics,mdavidovicsdo@photobucket.com,Male,+62 259 753 2935
494,Erick,Rushmare,erushmaredp@mtv.com,Male,+62 311 579 2933
495,Dominik,Basire,dbasiredq@aol.com,Polygender,+33 399 558 7740
496,Gloria,Pymer,gpymerdr@twitpic.com,Female,+86 191 161 7955
497,Gideon,Aberhart,gaberhartds@reuters.com,Male,+86 729 635 0369
498,Sallee,Ibanez,sibanezdt@cornell.edu,Female,+86 895 420 3417
499,Benedicto,Dutch,bdutchdu@smugmug.com,Male,+86 901 758 4192
500,Dorene,Ortler,dortlerdv@biglobe.ne.jp,Female,+7 727 858 1490
501,Cly,Rassell,crasselldw@mit.edu,Male,+387 488 618 6050
502,Anitra,Haryngton,aharyngtondx@taobao.com,Female,+86 863 189 8151
503,Britt,Fuxman,bfuxmandy@sina.com.cn,Female,+7 493 650 9583
504,Cordelie,Angeau,cangeaudz@zdnet.com,Female,+57 977 348 1773
505,Arte,Waterfall,awaterfalle0@digg.com,Male,+63 606 428 7564
506,Berta,MacGettigen,bmacgettigene1@w3.org,Female,+380 168 344 0502
507,Alexandra,Illingsworth,aillingsworthe2@w3.org,Female,+380 655 289 8842
508,Cornelle,Earlam,cearlame3@shutterfly.com,Female,+223 249 299 5389
509,Ambrose,Livesay,alivesaye4@bluehost.com,Male,+33 567 825 1180
510,Jacquelyn,Frowde,jfrowdee5@ehow.com,Bigender,+48 193 639 7519
511,Donal,Code,dcodee6@google.ru,Genderfluid,+61 120 441 0559
512,Fidel,Glanville,fglanvillee7@creativecommons.org,Male,+81 356 752 4969
513,Garvy,Hellis,ghellise8@drupal.org,Male,+46 128 232 6005
514,Helli,Eliez,helieze9@ocn.ne.jp,Polygender,+212 646 931 5207
515,Goraud,Middle,gmiddleea@quantcast.com,Bigender,+351 192 337 1645
516,Aymer,Couvet,acouveteb@ow.ly,Male,+81 333 955 7455
517,Estella,Pithie,epithieec@wikispaces.com,Female,+86 965 163 4950
518,Ruthie,Hakes,rhakesed@joomla.org,Female,+86 439 517 6765
519,Lamar,Saiz,lsaizee@typepad.com,Male,+351 542 472 0243
520,Clay,Woodthorpe,cwoodthorpeef@typepad.com,Male,+57 603 277 5435
521,Codi,Winterton,cwintertoneg@ft.com,Male,+7 972 162 5125
522,Rosetta,Arthars,rartharseh@apache.org,Female,+86 658 781 8940
523,Matteo,Battersby,mbattersbyei@jimdo.com,Male,+55 726 940 9673
524,Leland,Revelle,lrevelleej@linkedin.com,Female,+62 603 812 0894
525,Broderick,Dunk,bdunkek@spiegel.de,Male,+62 724 328 2231
526,Phedra,Aslet,pasletel@imageshack.us,Female,+351 474 671 0864
527,Chad,Lount,clountem@jimdo.com,Male,+62 842 663 5326
528,Timi,Matusovsky,tmatusovskyen@is.gd,Female,+57 321 659 1911
529,Nefen,Matthews,nmatthewseo@mashable.com,Male,+505 183 890 6982
530,Fonsie,Struttman,fstruttmanep@naver.com,Male,+33 419 589 3778
531,Glendon,Dalston,gdalstoneq@noaa.gov,Male,+880 760 468 2538
532,Charissa,Taphouse,ctaphouseer@statcounter.com,Female,+967 965 402 0166
533,Leann,Edmott,ledmottes@slate.com,Female,+382 778 919 4051
534,Huntley,Gann,hgannet@bizjournals.com,Male,+81 839 282 1040
535,Antonio,Orpwood,aorpwoodeu@baidu.com,Male,+234 865 352 4495
536,Sherman,MacMakin,smacmakinev@domainmarket.com,Male,+595 284 961 2867
537,Belicia,Gammon,bgammonew@ca.gov,Female,+386 159 461 4125
538,Charla,Goodby,cgoodbyex@usnews.com,Female,+381 233 321 0703
539,Lonee,Pavinese,lpavineseey@blogspot.com,Female,+92 573 197 7925
540,Basilius,Biesinger,bbiesingerez@dion.ne.jp,Male,+52 216 303 8726
541,Verine,Forber,vforberf0@mail.ru,Female,+54 311 329 2885
542,Kitty,Grzegorecki,kgrzegoreckif1@earthlink.net,Female,+7 228 649 2460
543,Phillida,Abbets,pabbetsf2@yelp.com,Female,+976 255 340 8186
544,Carol-jean,Tomet,ctometf3@lulu.com,Female,+86 426 417 4584
545,Elfie,Meade,emeadef4@google.de,Female,+55 551 383 4358
546,Stern,Matskiv,smatskivf5@comsenz.com,Male,+51 148 383 8637
547,Keir,Anscombe,kanscombef6@merriam-webster.com,Male,+57 402 157 2387
548,Valeria,Felmingham,vfelminghamf7@sohu.com,Non-binary,+62 653 109 8992
549,Virginia,Brixey,vbrixeyf8@wordpress.org,Female,+55 411 336 1462
550,Costanza,Angric,cangricf9@nationalgeographic.com,Female,+357 951 366 7948
551,Huntington,McVittie,hmcvittiefa@hhs.gov,Non-binary,+62 635 930 5019
552,Yardley,Pinwill,ypinwillfb@dedecms.com,Male,+92 333 495 4629
553,Mathew,Presman,mpresmanfc@cpanel.net,Male,+7 413 802 2679
554,Court,Thomke,cthomkefd@fotki.com,Male,+387 587 852 4473
555,Darlene,Smithend,dsmithendfe@jugem.jp,Female,+63 742 675 5827
556,Estel,Conrart,econrartff@imageshack.us,Female,+46 859 735 9802
557,Pia,Gibbetts,pgibbettsfg@istockphoto.com,Female,+351 867 127 8285
558,Ephraim,Ivasechko,eivasechkofh@weather.com,Male,+63 864 199 9221
559,Christa,Fransson,cfranssonfi@123-reg.co.uk,Female,+48 366 416 2051
560,Rustin,Sennett,rsennettfj@free.fr,Male,+692 956 364 2277
561,Marianna,Unstead,munsteadfk@slideshare.net,Female,+86 811 657 4043
562,Lilah,Cunnow,lcunnowfl@google.com,Female,+86 184 825 6080
563,Bernard,Brazier,bbrazierfm@nih.gov,Male,+86 729 524 9711
564,Tannie,Thormwell,tthormwellfn@boston.com,Male,+64 557 809 2025
565,Daven,Tutill,dtutillfo@ning.com,Male,+62 254 681 1784
566,Misty,Wildgoose,mwildgoosefp@bizjournals.com,Female,+30 894 892 4841
567,Lars,Llewellen,lllewellenfq@digg.com,Male,+374 411 618 9667
568,Gerome,Howden,ghowdenfr@cisco.com,Male,+7 956 935 6499
569,Felipa,Crosston,fcrosstonfs@netvibes.com,Female,+84 293 406 0548
570,Arlinda,Brown,abrownft@aol.com,Female,+1 937 557 1650
571,Christophorus,Lindbergh,clindberghfu@answers.com,Male,+249 503 489 3983
572,Izak,De Filippo,idefilippofv@senate.gov,Male,+226 137 554 4209
573,Balduin,O'Gaven,bogavenfw@joomla.org,Male,+86 505 456 6875
574,Adham,Fearney,afearneyfx@engadget.com,Male,+63 596 597 2237
575,Amble,Seward,asewardfy@wufoo.com,Male,+48 677 703 2166
576,Duffie,Donke,ddonkefz@odnoklassniki.ru,Male,+1 949 366 5434
577,Osborn,Yashanov,oyashanovg0@ed.gov,Male,+1 458 890 7327
578,Martie,Deplacido,mdeplacidog1@nature.com,Female,+62 942 991 4512
579,Yance,Fitzsymons,yfitzsymonsg2@berkeley.edu,Male,+62 913 596 5987
580,Carlynn,Hargey,chargeyg3@soundcloud.com,Polygender,+7 944 542 4144
581,Loria,Joust,ljoustg4@intel.com,Genderqueer,+62 887 385 2255
582,Euell,Grandison,egrandisong5@house.gov,Male,+420 727 279 2110
583,Ferne,Enoksson,fenokssong6@reference.com,Female,+374 580 466 9604
584,Adamo,Cleeves,acleevesg7@ca.gov,Male,+63 486 368 1838
585,Shaina,Bess,sbessg8@state.tx.us,Female,+7 619 276 8310
586,Glynn,Govan,ggovang9@wisc.edu,Male,+55 384 461 6872
587,Lorna,Bool,lboolga@goodreads.com,Female,+86 975 313 8473
588,Armin,Matuszyk,amatuszykgb@sciencedaily.com,Male,+351 520 204 5990
589,Dawna,Leger,dlegergc@nih.gov,Female,+7 471 440 4207
590,Norby,Castelot,ncastelotgd@answers.com,Male,+1 656 320 7710
591,Deane,Giraudo,dgiraudoge@i2i.jp,Male,+52 137 961 2668
592,Avis,Hrinchishin,ahrinchishingf@nih.gov,Female,+86 328 545 8852
593,Kev,Botham,kbothamgg@ucla.edu,Male,+95 609 609 4139
594,Daron,Grayling,dgraylinggh@cafepress.com,Female,+62 643 383 5795
595,Nobie,Ferns,nfernsgi@mlb.com,Male,+7 882 633 4810
596,Eda,Absolon,eabsolongj@washingtonpost.com,Female,+7 616 749 1353
597,Bianca,Johananov,bjohananovgk@eepurl.com,Female,+7 648 297 0052
598,Meryl,Endrici,mendricigl@weibo.com,Male,+1 504 133 8741
599,Gilbert,Haughian,ghaughiangm@cyberchimps.com,Male,+976 777 961 9261
600,Maryrose,Readie,mreadiegn@statcounter.com,Female,+81 651 715 3131
601,Griffie,Goby,ggobygo@gmpg.org,Male,+886 827 394 2200
602,Gun,Gough,ggoughgp@ow.ly,Male,+62 340 183 0854
603,Salomone,Cheves,schevesgq@nhs.uk,Male,+224 526 179 2018
604,Juan,Ferriman,jferrimangr@sbwire.com,Male,+86 261 749 8539
605,Abel,Tyers,atyersgs@globo.com,Polygender,+970 198 450 6117
606,Camile,Keer,ckeergt@acquirethisname.com,Female,+351 226 888 5154
607,Tucky,Zappel,tzappelgu@devhub.com,Male,+57 996 669 5145
608,Jeanne,Hurworth,jhurworthgv@dagondesign.com,Female,+62 880 721 7048
609,Patrice,Bunhill,pbunhillgw@yellowbook.com,Male,+687 635 240 2045
610,Mano,Vasilechko,mvasilechkogx@myspace.com,Male,+64 157 318 1864
611,Benoite,Caulcott,bcaulcottgy@nhs.uk,Female,+7 895 611 1020
612,Deva,Leverage,dleveragegz@indiatimes.com,Female,+1 713 634 3994
613,Larine,Gunthorpe,lgunthorpeh0@ucsd.edu,Female,+30 895 759 1039
614,Cherianne,Barr,cbarrh1@vk.com,Female,+7 706 282 0751
615,Sharyl,Mc Caughen,smccaughenh2@census.gov,Female,+48 692 168 5074
616,Dani,Durrington,ddurringtonh3@reference.com,Non-binary,+880 285 619 2967
617,Joline,Ventum,jventumh4@vkontakte.ru,Female,+86 907 581 7148
618,Sherie,Jachimiak,sjachimiakh5@dot.gov,Female,+86 738 222 2106
619,Deidre,Bottrell,dbottrellh6@foxnews.com,Female,+62 108 900 6474
620,Christan,Skillings,cskillingsh7@skyrock.com,Female,+86 556 442 1134
621,Josepha,Chesterton,jchestertonh8@prlog.org,Female,+33 108 174 0416
622,Talya,Hryskiewicz,thryskiewiczh9@ft.com,Genderfluid,+52 792 334 2707
623,Wyn,Baylie,wbaylieha@apache.org,Polygender,+57 807 503 8336
624,Glen,Walsh,gwalshhb@deviantart.com,Male,+977 209 382 7767
625,Margie,Hartshorne,mhartshornehc@bravesites.com,Female,+55 277 789 7563
626,Erasmus,Rait,eraithd@usda.gov,Male,+62 447 262 4521
627,Meir,Cullabine,mcullabinehe@themeforest.net,Male,+81 408 532 1822
628,Kevina,Decourt,kdecourthf@ucoz.ru,Female,+502 997 578 8314
629,Darcy,Grinnell,dgrinnellhg@cyberchimps.com,Male,+63 428 127 4208
630,Butch,Tunnicliff,btunnicliffhh@digg.com,Male,+52 268 836 4550
631,Friederike,Burnes,fburneshi@lycos.com,Female,+47 907 333 7124
632,Talbot,Follitt,tfollitthj@forbes.com,Male,+33 590 168 2859
633,Merrile,King,mkinghk@eventbrite.com,Female,+86 883 376 2915
634,Jenn,Atyeo,jatyeohl@wordpress.com,Female,+86 513 636 5374
635,Nikolia,Deere,ndeerehm@reuters.com,Female,+880 371 750 4241
636,Cthrine,Roscrigg,croscrigghn@shinystat.com,Female,+1 972 381 7604
637,Glen,Lutzmann,glutzmannho@w3.org,Female,+7 776 180 7883
638,Doro,Imos,dimoshp@omniture.com,Female,+380 563 567 4308
639,Kathrine,Dillow,kdillowhq@vk.com,Female,+57 651 668 4104
640,Jordan,Bagg,jbagghr@1688.com,Female,+62 611 934 6694
641,Kristine,Ricciardiello,kricciardiellohs@techcrunch.com,Female,+92 543 547 6600
642,Remus,Owen,rowenht@live.com,Male,+86 281 773 6544
643,Jamill,Fetterplace,jfetterplacehu@seesaa.net,Male,+370 629 580 3891
644,Tyler,Grigolli,tgrigollihv@skyrock.com,Male,+62 426 166 8961
645,Viva,Kinsella,vkinsellahw@mediafire.com,Female,+86 623 146 9046
646,Cleveland,Wyant,cwyanthx@nymag.com,Male,+351 718 337 8025
647,Bale,Chicchelli,bchicchellihy@wikipedia.org,Male,+380 415 252 7682
648,Allistir,Lane,alanehz@cam.ac.uk,Male,+86 603 543 0461
649,Iorgo,Maddyson,imaddysoni0@army.mil,Male,+227 131 150 4400
650,Leandra,Lates,llatesi1@sun.com,Female,+48 359 348 4537
651,Noellyn,Cordeux,ncordeuxi2@bbb.org,Female,+51 664 480 0210
652,Ardisj,Sibbe,asibbei3@prlog.org,Female,+92 660 539 9038
653,Francyne,Mayberry,fmayberryi4@yelp.com,Female,+51 294 385 2532
654,Val,Peebles,vpeeblesi5@diigo.com,Female,+62 613 811 5750
655,Bonita,Lahiff,blahiffi6@seattletimes.com,Female,+351 160 380 0226
656,Artus,Collinwood,acollinwoodi7@alibaba.com,Male,+86 441 623 3793
657,Maighdiln,Switland,mswitlandi8@miitbeian.gov.cn,Female,+46 950 353 4573
658,Delcina,de Quesne,ddequesnei9@home.pl,Female,+52 571 662 1549
659,Antony,Brooks,abrooksia@topsy.com,Male,+63 517 385 8855
660,Alvis,Doelle,adoelleib@chron.com,Male,+51 833 702 3382
661,Michal,Tschursch,mtschurschic@chronoengine.com,Genderqueer,+7 327 915 3993
662,Malorie,Getten,mgettenid@opensource.org,Female,+63 727 572 2575
663,Olivia,Bosche,oboscheie@sciencedirect.com,Female,+66 846 681 2346
664,Sallie,Dumbreck,sdumbreckif@squarespace.com,Female,+86 791 510 7417
665,Orelie,Boast,oboastig@github.io,Female,+30 934 880 9444
666,Malynda,Smiley,msmileyih@sogou.com,Female,+86 711 753 2037
667,Perice,Ivic,pivicii@mozilla.org,Male,+62 434 812 6782
668,Sibbie,Kincey,skinceyij@google.it,Genderfluid,+261 850 263 8828
669,Lodovico,Beche,lbecheik@opera.com,Male,+62 328 553 1429
670,Greg,Chasson,gchassonil@youku.com,Male,+231 237 853 1973
671,Adoree,Chiommienti,achiommientiim@phpbb.com,Female,+996 969 921 9595
672,Nat,Jeeks,njeeksin@japanpost.jp,Male,+48 156 251 0071
673,Nils,Marklow,nmarklowio@nba.com,Male,+86 806 508 1275
674,Jeremiah,Plover,jploverip@github.com,Male,+48 167 244 2702
675,Byrann,Keith,bkeithiq@smh.com.au,Male,+1 405 867 7062
676,Desmond,Mitchel,dmitchelir@time.com,Male,+212 903 452 9081
677,Saunderson,Taphouse,staphouseis@storify.com,Male,+380 778 768 7566
678,Scarlett,Helis,shelisit@webeden.co.uk,Female,+93 173 957 8975
679,Warden,Nehls,wnehlsiu@gov.uk,Male,+351 124 721 9619
680,Sven,Satteford,ssattefordiv@miitbeian.gov.cn,Male,+63 366 811 6506
681,Brittney,Chesley,bchesleyiw@irs.gov,Female,+86 246 238 9125
682,Ulric,Girardi,ugirardiix@i2i.jp,Male,+48 410 924 3924
683,Fran,Heersma,fheersmaiy@people.com.cn,Bigender,+63 428 544 7152
684,Ira,Woodhead,iwoodheadiz@ed.gov,Female,+62 683 751 4277
685,Garnette,Credland,gcredlandj0@webnode.com,Female,+86 335 732 1107
686,Victor,Crasford,vcrasfordj1@dailymotion.com,Genderqueer,+370 314 839 3919
687,Simone,Bestman,sbestmanj2@businesswire.com,Male,+977 602 850 4907
688,Elise,Oleszcuk,eoleszcukj3@usatoday.com,Polygender,+255 648 553 4052
689,Janeta,Lerven,jlervenj4@nature.com,Genderfluid,+56 910 271 8465
690,Freeman,Oaker,foakerj5@arstechnica.com,Male,+66 857 820 0052
691,Lewie,Sandbach,lsandbachj6@amazon.com,Male,+51 283 464 6907
692,Jory,Ghiotto,jghiottoj7@thetimes.co.uk,Male,+389 701 259 3760
693,Percival,Kensington,pkensingtonj8@geocities.com,Male,+33 524 683 0300
694,Darrelle,Studdal,dstuddalj9@weather.com,Female,+62 625 652 0256
695,Fran,Woolacott,fwoolacottja@statcounter.com,Male,+86 183 892 1344
696,Marchall,Heaney`,mheaneyjb@sina.com.cn,Male,+48 734 555 1399
697,Orion,Hadeke,ohadekejc@yelp.com,Polygender,+351 117 744 7149
698,Matthiew,Ledgeway,mledgewayjd@dot.gov,Male,+66 751 609 1923
699,Tove,MacKall,tmackallje@yelp.com,Female,+86 840 529 0130
700,Fran,Sheircliffe,fsheircliffejf@cnbc.com,Male,+212 439 477 6971
701,Emmott,Eliff,eeliffjg@stanford.edu,Male,+86 494 406 4798
702,Corey,Cricket,ccricketjh@ucsd.edu,Male,+1 785 589 8894
703,Elaine,Rudeforth,erudeforthji@wired.com,Female,+86 373 407 0328
704,Rycca,Toplis,rtoplisjj@eventbrite.com,Bigender,+62 726 864 2073
705,Wes,Spurr,wspurrjk@photobucket.com,Male,+81 900 885 4945
706,Eldridge,Bedson,ebedsonjl@cargocollective.com,Male,+62 174 374 0700
707,Marlee,Sandhill,msandhilljm@google.ru,Female,+86 612 507 4723
708,Conny,Hayford,chayfordjn@dmoz.org,Male,+355 473 779 8619
709,Joscelin,Seal,jsealjo@latimes.com,Female,+62 132 109 1493
710,Vilma,Ocklin,vocklinjp@quantcast.com,Female,+62 935 175 0669
711,Melisandra,Vollam,mvollamjq@google.ru,Female,+86 873 720 7302
712,Saleem,Saladin,ssaladinjr@merriam-webster.com,Male,+86 182 284 0143
713,Abel,Moorhead,amoorheadjs@live.com,Male,+1 400 264 6343
714,Esmaria,Pearcehouse,epearcehousejt@mashable.com,Female,+55 625 452 9757
715,Abdul,De Benedictis,adebenedictisju@sina.com.cn,Male,+60 934 360 0655
716,Arlene,Dudmarsh,adudmarshjv@myspace.com,Female,+46 105 950 1901
717,Annaliese,Eburah,aeburahjw@wunderground.com,Female,+7 519 226 2312
718,Guglielma,Snibson,gsnibsonjx@linkedin.com,Genderfluid,+51 644 671 0304
719,Reggie,Oddey,roddeyjy@elegantthemes.com,Male,+420 656 403 2157
720,Annissa,Allix,aallixjz@walmart.com,Genderqueer,+27 234 804 9224
721,Dirk,Dreinan,ddreinank0@exblog.jp,Male,+86 419 925 2545
722,Shelton,Fishbie,sfishbiek1@eventbrite.com,Male,+880 204 574 8250
723,Vitoria,Crane,vcranek2@wired.com,Female,+86 174 618 3292
724,Hortense,Mogie,hmogiek3@telegraph.co.uk,Female,+86 766 494 6295
725,Huntley,Hurst,hhurstk4@wufoo.com,Male,+52 304 220 6267
726,Putnem,Poyntz,ppoyntzk5@umn.edu,Male,+380 441 481 2134
727,Geoffrey,Ipgrave,gipgravek6@newsvine.com,Male,+55 838 531 1863
728,Jelene,Seekings,jseekingsk7@list-manage.com,Female,+351 933 335 6396
729,Brandy,Danilenko,bdanilenkok8@pinterest.com,Agender,+54 440 732 0999
730,Nonna,Redwall,nredwallk9@shutterfly.com,Female,+56 559 144 5489
731,Rena,Eaklee,reakleeka@house.gov,Female,+387 410 595 3001
732,Charley,Ventham,cventhamkb@dion.ne.jp,Male,+62 250 673 9331
733,Samuel,Hanssmann,shanssmannkc@myspace.com,Male,+55 116 105 4902
734,Lauritz,Coon,lcoonkd@psu.edu,Male,+48 455 954 0502
735,Maurizia,Bratten,mbrattenke@who.int,Female,+64 855 954 9044
736,Hedwig,Marquese,hmarquesekf@auda.org.au,Female,+52 935 322 6825
737,Carolina,Narrie,cnarriekg@bravesites.com,Female,+55 418 274 1869
738,Dill,Korba,dkorbakh@spotify.com,Male,+591 359 595 1767
739,Roxanne,Kunze,rkunzeki@discovery.com,Female,+380 121 944 5951
740,Gerardo,Donohue,gdonohuekj@ovh.net,Male,+244 170 213 0189
741,Wilona,Kassel,wkasselkk@umn.edu,Female,+56 260 798 9194
742,Pat,Sarah,psarahkl@foxnews.com,Male,+7 510 293 6838
743,Arlyne,Van Eeden,avaneedenkm@census.gov,Female,+86 189 612 1929
744,Lindsy,Beviss,lbevisskn@hexun.com,Female,+86 674 336 5932
745,Cleo,Stocken,cstockenko@amazon.co.uk,Female,+62 148 455 9252
746,Tedda,Tinner,ttinnerkp@phpbb.com,Female,+420 390 680 8555
747,Reine,Minall,rminallkq@squarespace.com,Female,+55 399 612 6071
748,Yasmin,Wreford,ywrefordkr@hibu.com,Female,+7 501 825 6986
749,Estevan,Threadkell,ethreadkellks@elegantthemes.com,Polygender,+48 403 498 4659
750,Britney,Cutchey,bcutcheykt@fastcompany.com,Female,+63 717 167 7312
751,Conny,Plante,cplanteku@msu.edu,Male,+86 146 233 5641
752,Neilla,Trahear,ntrahearkv@macromedia.com,Female,+420 778 760 7459
753,Vanya,Pickerin,vpickerinkw@bbc.co.uk,Female,+591 177 535 0128
754,Ynes,Slott,yslottkx@nyu.edu,Female,+86 172 209 6167
755,Mathe,Hillburn,mhillburnky@drupal.org,Male,+62 766 529 9253
756,Codie,Easey,ceaseykz@google.nl,Female,+48 320 921 0717
757,Kaspar,Malarkey,kmalarkeyl0@unblog.fr,Genderfluid,+86 413 316 6838
758,Carlota,Narup,cnarupl1@time.com,Genderqueer,+62 650 647 4495
759,Lincoln,Zmitruk,lzmitrukl2@webmd.com,Male,+63 957 791 7738
760,Iggie,Aysh,iayshl3@irs.gov,Male,+225 698 595 0860
761,Enrique,Fraine,efrainel4@sitemeter.com,Male,+57 359 840 6948
762,Derk,Dobeson,ddobesonl5@miitbeian.gov.cn,Male,+48 176 113 7035
763,Karly,Sarchwell,ksarchwelll6@i2i.jp,Female,+54 485 804 5351
764,Goldy,Simkovitz,gsimkovitzl7@prnewswire.com,Female,+7 302 691 0251
765,Gerta,Amor,gamorl8@opensource.org,Female,+7 497 470 8888
766,Dyanna,Traher,dtraherl9@wikimedia.org,Female,+7 683 459 6061
767,Farleigh,Culmer,fculmerla@yellowbook.com,Male,+351 716 871 8165
768,Clint,Semiras,csemiraslb@booking.com,Male,+55 431 482 8587
769,Zed,Stanyland,zstanylandlc@aboutads.info,Male,+850 552 342 5683
770,Merci,Emanueli,memanuelild@booking.com,Genderfluid,+92 682 609 3928
771,Xever,Powdrill,xpowdrillle@scientificamerican.com,Male,+33 836 928 4332
772,Kristyn,Wragg,kwragglf@sohu.com,Female,+57 802 305 6053
773,Howey,Mosten,hmostenlg@globo.com,Male,+55 862 808 1908
774,Forrester,Brotherhead,fbrotherheadlh@cdbaby.com,Male,+46 390 463 7242
775,Holden,Shegog,hshegogli@economist.com,Male,+33 135 722 2304
776,Marcel,D'Antonio,mdantoniolj@nps.gov,Male,+46 521 327 7807
777,Kit,Eddies,keddieslk@moonfruit.com,Agender,+86 615 116 5171
778,Porty,Di Giacomo,pdigiacomoll@narod.ru,Male,+63 462 755 9799
779,Erie,Porcher,eporcherlm@imdb.com,Male,+358 465 929 9795
780,Camella,Swane,cswaneln@free.fr,Female,+57 387 737 8255
781,Elka,Saterweyte,esaterweytelo@naver.com,Female,+381 655 920 8287
782,Alexina,Terbrugge,aterbruggelp@naver.com,Female,+7 300 903 3359
783,Olag,Titcombe,otitcombelq@ted.com,Male,+1 901 113 4640
784,Ingmar,Causbey,icausbeylr@fda.gov,Male,+62 812 845 0208
785,Felicio,Dabinett,fdabinettls@com.com,Male,+66 717 754 8200
786,Fax,Kitching,fkitchinglt@state.gov,Male,+48 706 663 8868
787,Jany,Lempenny,jlempennylu@mozilla.com,Female,+420 353 823 5801
788,Selby,Skeeles,sskeeleslv@1688.com,Male,+33 370 684 2641
789,Ranice,McRobert,rmcrobertlw@macromedia.com,Female,+48 286 529 4494
790,Trumaine,Alforde,talfordelx@cam.ac.uk,Male,+86 534 372 4552
791,Mildred,Stiles,mstilesly@cmu.edu,Female,+86 774 237 0674
792,Lainey,Rowbotham,lrowbothamlz@aboutads.info,Female,+86 472 214 2274
793,Rina,Lovewell,rlovewellm0@behance.net,Female,+51 419 508 2580
794,Brody,Rowbrey,browbreym1@behance.net,Male,+86 559 632 4228
795,Terrence,Presdie,tpresdiem2@weather.com,Male,+1 960 797 4798
796,Guendolen,Munnings,gmunningsm3@a8.net,Female,+86 682 168 7678
797,Kiley,Raccio,kracciom4@joomla.org,Male,+86 767 694 1531
798,Delmer,Cartmer,dcartmerm5@blogspot.com,Male,+86 171 856 8159
799,Russ,Vawton,rvawtonm6@ftc.gov,Male,+63 537 625 3642
800,Quinn,Caudle,qcaudlem7@google.com,Female,+55 547 550 4900
801,Kristan,Gillies,kgilliesm8@salon.com,Female,+86 186 270 9425
802,Audre,Gellately,agellatelym9@sciencedirect.com,Female,+62 710 424 5849
803,Floria,Hanscom,fhanscomma@scientificamerican.com,Female,+380 741 777 0553
804,Berty,Abbets,babbetsmb@salon.com,Male,+86 221 679 8529
805,Joel,McCrisken,jmccriskenmc@cnet.com,Male,+967 942 881 4293
806,Agathe,Goldston,agoldstonmd@cdc.gov,Female,+63 165 935 6887
807,Carling,O'Lagen,colagenme@loc.gov,Male,+54 684 245 4077
808,Antonetta,Pilbeam,apilbeammf@cyberchimps.com,Female,+62 813 146 7793
809,Jolie,Shipton,jshiptonmg@si.edu,Female,+86 726 503 8741
810,Mirabella,Traynor,mtraynormh@china.com.cn,Female,+86 745 660 0253
811,Vicky,Alpe,valpemi@xinhuanet.com,Female,+7 530 742 7926
812,Rhodia,Canet,rcanetmj@wp.com,Female,+86 868 342 4411
813,Elmer,Puzey,epuzeymk@ehow.com,Male,+55 868 166 0970
814,Clifford,Varren,cvarrenml@bluehost.com,Male,+7 929 849 1461
815,Bink,Wand,bwandmm@photobucket.com,Male,+62 635 265 6732
816,Gunar,Melley,gmelleymn@sohu.com,Male,+86 690 509 7622
817,Port,Lotterington,plotteringtonmo@wsj.com,Male,+55 913 905 7225
818,Matt,Wheelband,mwheelbandmp@narod.ru,Male,+880 100 109 3994
819,Hamnet,Sands,hsandsmq@huffingtonpost.com,Male,+33 249 145 5839
820,Arni,Nowill,anowillmr@microsoft.com,Male,+84 757 166 8628
821,Josephine,Colbourn,jcolbournms@discovery.com,Polygender,+970 996 824 4822
822,Harmon,Delion,hdelionmt@hhs.gov,Male,+62 669 753 3894
823,Gilda,Raspel,graspelmu@sitemeter.com,Female,+380 627 963 6815
824,Fedora,Imesen,fimesenmv@theglobeandmail.com,Female,+234 281 688 2985
825,Molly,Lurner,mlurnermw@dyndns.org,Female,+380 687 641 4507
826,Georgina,Baggally,gbaggallymx@unicef.org,Female,+86 232 324 9188
827,Randi,Rimington,rrimingtonmy@merriam-webster.com,Male,+33 470 278 4939
828,Nathaniel,Slyde,nslydemz@google.co.jp,Male,+212 724 991 6859
829,Alma,Cyphus,acyphusn0@squidoo.com,Non-binary,+86 791 205 9497
830,Cherilynn,Cayette,ccayetten1@squidoo.com,Female,+1 859 950 1025
831,Adriana,Bawcock,abawcockn2@chicagotribune.com,Non-binary,+351 750 663 7078
832,Bebe,Yurenin,byureninn3@t-online.de,Female,+54 986 282 9083
833,Kennan,Howselee,khowseleen4@cpanel.net,Bigender,+48 979 769 8799
834,Dudley,Biss,dbissn5@sohu.com,Male,+86 437 141 9382
835,Barnie,Matysik,bmatysikn6@nature.com,Male,+63 292 662 3122
836,Lindsy,Giorgetti,lgiorgettin7@state.tx.us,Female,+86 657 838 1997
837,Jaquith,Farnin,jfarninn8@usda.gov,Agender,+62 358 181 6191
838,Neila,Celiz,ncelizn9@nasa.gov,Bigender,+86 119 657 8659
839,Eirena,Dailey,edaileyna@google.pl,Female,+51 120 312 8789
840,Mason,Clutterham,mclutterhamnb@sogou.com,Male,+62 624 996 0343
841,Mariana,Atwel,matwelnc@surveymonkey.com,Female,+62 959 203 8887
842,Bogey,Ragge,braggend@csmonitor.com,Male,+7 782 636 2932
843,Rakel,Pleass,rpleassne@aboutads.info,Female,+86 953 761 4319
844,Nikoletta,Spurden,nspurdennf@histats.com,Female,+502 571 485 9820
845,Isa,Parell,iparellng@cisco.com,Male,+502 451 416 4142
846,Alfie,Viggars,aviggarsnh@admin.ch,Genderqueer,+86 278 265 7521
847,Marena,Shelly,mshellyni@myspace.com,Polygender,+86 658 833 8925
848,Whitby,Froggatt,wfroggattnj@bizjournals.com,Male,+33 481 691 6987
849,Laurianne,Chinnock,lchinnocknk@twitter.com,Female,+62 332 748 7590
850,Rodrick,Pickless,rpicklessnl@europa.eu,Genderqueer,+86 166 925 1710
851,Olivia,Vazquez,ovazqueznm@tinyurl.com,Female,+212 426 251 6541
852,Donn,Parks,dparksnn@wikimedia.org,Male,+688 210 495 5606
853,Lainey,Tottle,ltottleno@github.com,Female,+385 672 574 9080
854,Natalie,Sprules,nsprulesnp@spiegel.de,Non-binary,+86 124 746 7146
855,Rachel,Paternoster,rpaternosternq@i2i.jp,Female,+54 324 382 6566
856,Chic,Bartholomieu,cbartholomieunr@1und1.de,Male,+86 889 630 8420
857,Karalynn,MacFadden,kmacfaddenns@google.fr,Female,+381 101 326 2847
858,Mose,Presdee,mpresdeent@sakura.ne.jp,Male,+55 294 762 2550
859,Glenn,Sabates,gsabatesnu@bluehost.com,Male,+62 158 935 8823
860,Coop,Care,ccarenv@etsy.com,Male,+370 129 678 4748
861,Felice,Gumb,fgumbnw@umn.edu,Female,+86 613 777 5670
862,Wenda,Fidilis,wfidilisnx@unicef.org,Female,+86 655 200 9708
863,Robert,Olechnowicz,rolechnowiczny@ow.ly,Male,+63 648 127 4856
864,Theo,Vasilmanov,tvasilmanovnz@nyu.edu,Female,+351 848 350 4857
865,Jaclyn,Lismer,jlismero0@bing.com,Female,+62 727 535 1776
866,Corenda,Spellessy,cspellessyo1@examiner.com,Female,+92 753 108 5103
867,Maribeth,Brodest,mbrodesto2@slate.com,Female,+358 102 267 1214
868,Elisabeth,Marley,emarleyo3@ning.com,Female,+30 256 844 6680
869,Salaidh,Nevet,sneveto4@deliciousdays.com,Female,+86 162 291 6418
870,Bobbye,Littefair,blittefairo5@examiner.com,Female,+383 167 690 9863
871,Cristal,Mertin,cmertino6@clickbank.net,Female,+967 286 993 1391
872,Binnie,Burnhard,bburnhardo7@sphinn.com,Female,+86 307 107 5082
873,Mikey,Ferrai,mferraio8@squidoo.com,Male,+66 300 303 2521
874,Osmond,Muff,omuffo9@auda.org.au,Male,+62 798 423 0305
875,Jere,McGall,jmcgalloa@list-manage.com,Male,+212 735 124 4763
876,Ezechiel,McDuall,emcduallob@domainmarket.com,Male,+502 421 464 4977
877,Kara-lynn,Vitte,kvitteoc@hatena.ne.jp,Female,+86 938 421 5002
878,Clarinda,Gogarty,cgogartyod@cnbc.com,Female,+62 285 416 2842
879,Gasper,Rowcliffe,growcliffeoe@google.nl,Male,+263 343 270 0466
880,Katti,Mullineux,kmullineuxof@ehow.com,Female,+381 305 707 5582
881,Clarance,Heffernon,cheffernonog@businesswire.com,Male,+66 815 964 0831
882,Gerri,Prigmore,gprigmoreoh@bravesites.com,Female,+269 104 513 6230
883,Sebastiano,Cudbird,scudbirdoi@geocities.jp,Male,+55 870 290 5567
884,Rafe,Lukehurst,rlukehurstoj@weebly.com,Male,+48 898 912 6795
885,Garrot,Hunt,ghuntok@newsvine.com,Male,+86 892 360 8003
886,Rosamond,Gilkison,rgilkisonol@amazon.co.jp,Female,+86 990 683 2253
887,Ameline,Peatheyjohns,apeatheyjohnsom@4shared.com,Female,+261 863 471 5936
888,Fernandina,Danilishin,fdanilishinon@wired.com,Female,+86 241 844 1612
889,Bennie,Measor,bmeasoroo@is.gd,Male,+7 923 645 5314
890,Tabby,Sinkins,tsinkinsop@state.gov,Male,+57 655 627 6808
891,Larissa,Linstead,llinsteadoq@fda.gov,Female,+267 614 936 6550
892,Denis,Rosenwasser,drosenwasseror@themeforest.net,Male,+63 624 569 5608
893,Georgeanne,de'-Ancy Willis,gdeancywillisos@cocolog-nifty.com,Female,+86 985 912 2278
894,Tris,Gosling,tgoslingot@wikipedia.org,Male,+86 254 397 1680
895,Vaughan,Druery,vdrueryou@dion.ne.jp,Male,+351 454 217 8362
896,Casey,Brownsworth,cbrownsworthov@theguardian.com,Female,+86 342 889 1124
897,Salome,Northfield,snorthfieldow@51.la,Female,+98 789 509 4523
898,Micah,Crennell,mcrennellox@i2i.jp,Male,+33 922 100 3389
899,Genovera,Mepham,gmephamoy@dot.gov,Female,+234 323 816 9547
900,Pietro,Child,pchildoz@timesonline.co.uk,Male,+420 123 337 0873
901,Seumas,Blundin,sblundinp0@instagram.com,Male,+86 990 879 9370
902,Rabbi,Novis,rnovisp1@answers.com,Male,+1 520 424 8933
903,Malvina,Weighell,mweighellp2@storify.com,Female,+86 954 593 0017
904,Crissy,Dimblebee,cdimblebeep3@independent.co.uk,Female,+44 462 937 0794
905,Harmonia,Gingel,hgingelp4@miibeian.gov.cn,Female,+54 745 824 8990
906,Aurea,Adnams,aadnamsp5@cyberchimps.com,Female,+33 327 177 5317
907,Tim,Aspital,taspitalp6@si.edu,Polygender,+54 822 560 7101
908,Joni,Drydale,jdrydalep7@eepurl.com,Polygender,+81 125 652 5150
909,Micah,Ney,mneyp8@cpanel.net,Male,+62 674 793 4175
910,Trude,Tattersill,ttattersillp9@wiley.com,Female,+81 307 223 9711
911,Ingram,Polglaze,ipolglazepa@wsj.com,Male,+235 690 943 3178
912,Kalindi,Marishenko,kmarishenkopb@bigcartel.com,Female,+55 559 363 0057
913,Florencia,Muggeridge,fmuggeridgepc@icio.us,Female,+55 169 320 6614
914,Gilles,Dempster,gdempsterpd@auda.org.au,Male,+86 226 224 1784
915,Curtice,Ironside,cironsidepe@plala.or.jp,Male,+84 450 379 6996
916,Steffane,Brick,sbrickpf@meetup.com,Female,+55 721 616 3645
917,Jay,Wybrow,jwybrowpg@drupal.org,Male,+20 395 970 0626
918,Aubrette,Cawood,acawoodph@state.tx.us,Agender,+7 954 667 1234
919,Jesus,Ambrosoli,jambrosolipi@cdbaby.com,Male,+51 316 951 0986
920,Sam,Toppas,stoppaspj@so-net.ne.jp,Non-binary,+62 467 429 2230
921,Reiko,Bonsul,rbonsulpk@usda.gov,Bigender,+225 362 968 1197
922,Lowe,Loudiane,lloudianepl@unblog.fr,Male,+33 419 834 1044
923,Kizzee,Durram,kdurrampm@mozilla.org,Female,+81 608 294 7965
924,Berkie,Leuchars,bleucharspn@google.com.au,Male,+82 953 781 2281
925,Roanne,Swindells,rswindellspo@loc.gov,Female,+86 202 399 6540
926,Elli,Timson,etimsonpp@cnn.com,Female,+66 927 794 4352
927,Selle,Garth,sgarthpq@huffingtonpost.com,Female,+1 592 131 3864
928,Jeff,Sparwell,jsparwellpr@walmart.com,Male,+62 836 826 5598
929,June,Shillinglaw,jshillinglawps@ameblo.jp,Female,+54 307 136 8382
930,Querida,Soulsby,qsoulsbypt@google.com,Female,+62 760 920 7429
931,Devlen,Carnall,dcarnallpu@admin.ch,Male,+54 340 789 8817
932,Alysia,Poland,apolandpv@amazon.com,Female,+351 656 690 9551
933,Rosemonde,Butchers,rbutcherspw@state.tx.us,Female,+60 186 528 9474
934,Ber,Buglass,bbuglasspx@youku.com,Male,+7 689 822 4742
935,Saw,Skurray,sskurraypy@hubpages.com,Male,+46 451 445 8756
936,Marcela,O'Hollegan,moholleganpz@addtoany.com,Female,+52 762 339 6883
937,Christen,Gainforth,cgainforthq0@jalbum.net,Polygender,+51 182 357 6245
938,Helenelizabeth,Lampaert,hlampaertq1@fda.gov,Female,+351 593 428 7179
939,Francis,Cutridge,fcutridgeq2@cbsnews.com,Male,+48 361 395 4073
940,Gill,Klee,gkleeq3@addthis.com,Male,+86 497 448 8511
941,Loretta,Babalola,lbabalolaq4@phpbb.com,Female,+380 939 732 8346
942,Darin,Odeson,dodesonq5@friendfeed.com,Male,+962 449 903 1788
943,Sloan,Medland,smedlandq6@npr.org,Male,+55 545 872 3476
944,Antoni,Arnopp,aarnoppq7@artisteer.com,Male,+86 521 892 4680
945,Isidro,Maybury,imayburyq8@loc.gov,Male,+63 449 736 0026
946,Cordie,Edeson,cedesonq9@blinklist.com,Male,+46 490 672 2022
947,Sandor,Lazell,slazellqa@seattletimes.com,Male,+63 882 946 7038
948,Horace,Warfield,hwarfieldqb@blinklist.com,Male,+596 502 978 9746
949,Buffy,Borne,bborneqc@sfgate.com,Female,+375 294 722 4498
950,Olwen,Simonot,osimonotqd@list-manage.com,Female,+57 913 605 5886
951,Robinett,Baumer,rbaumerqe@samsung.com,Female,+62 536 309 7997
952,Zarla,Meake,zmeakeqf@unblog.fr,Female,+970 816 790 9125
953,Andee,Olding,aoldingqg@weather.com,Female,+86 343 895 8193
954,Amandi,Sellwood,asellwoodqh@va.gov,Female,+86 319 589 0617
955,Lorie,Pautard,lpautardqi@google.it,Female,+98 334 259 4511
956,Ellette,Korf,ekorfqj@dedecms.com,Female,+84 501 953 2203
957,Fairlie,Tiery,ftieryqk@java.com,Male,+52 620 226 1604
958,Valina,Batey,vbateyql@berkeley.edu,Female,+86 181 837 3302
959,Dev,Sattin,dsattinqm@cafepress.com,Male,+351 905 407 2949
960,Vassili,Schlagman,vschlagmanqn@vkontakte.ru,Male,+62 289 232 0123
961,Brynn,Sandy,bsandyqo@go.com,Female,+86 748 400 0199
962,Donnell,Lock,dlockqp@guardian.co.uk,Male,+353 538 938 5922
963,Iosep,Roseby,irosebyqq@yahoo.co.jp,Male,+220 958 910 9020
964,Goldie,Poulter,gpoulterqr@cargocollective.com,Female,+98 947 962 2107
965,Torr,Vickery,tvickeryqs@webs.com,Male,+57 213 749 5966
966,Maison,Iannazzi,miannazziqt@engadget.com,Male,+86 459 586 2725
967,Aurora,Eisikowitch,aeisikowitchqu@artisteer.com,Female,+351 390 717 0094
968,Jocelyn,Daykin,jdaykinqv@wsj.com,Female,+995 505 344 7008
969,Manuel,Di Ruggero,mdiruggeroqw@macromedia.com,Male,+33 473 820 7410
970,Ludwig,Vamplers,lvamplersqx@bloomberg.com,Male,+62 258 482 2042
971,Donn,Darby,ddarbyqy@comsenz.com,Male,+86 277 771 0666
972,Ashlee,Denisyuk,adenisyukqz@sciencedirect.com,Female,+1 875 741 4514
973,Deane,Pearne,dpearner0@globo.com,Female,+420 300 681 0243
974,Josias,Kill,jkillr1@springer.com,Male,+420 986 545 1662
975,Nikaniki,Kentwell,nkentwellr2@hostgator.com,Female,+359 771 843 9294
976,Banky,Rowbottam,browbottamr3@desdev.cn,Male,+49 115 728 9300
977,Ginni,Bostock,gbostockr4@imgur.com,Female,+98 259 173 4389
978,Georas,Waterstone,gwaterstoner5@com.com,Male,+86 956 216 5768
979,Barnard,Danielut,bdanielutr6@nationalgeographic.com,Male,+62 743 698 5462
980,Delbert,Erangy,derangyr7@about.me,Male,+33 308 483 3404
981,Elset,Alexis,ealexisr8@narod.ru,Female,+57 684 281 6366
982,Theodoric,Lugton,tlugtonr9@fotki.com,Male,+81 529 384 3553
983,Beau,Houldin,bhouldinra@cdc.gov,Male,+92 240 906 6584
984,Amelia,Ruger,arugerrb@blinklist.com,Female,+46 866 290 2328
985,Darell,Myott,dmyottrc@zdnet.com,Female,+266 601 156 3951
986,Brenna,Volker,bvolkerrd@google.co.jp,Agender,+86 413 321 0873
987,Carlo,Paschke,cpaschkere@cocolog-nifty.com,Male,+359 332 963 0200
988,Orsola,Saiger,osaigerrf@ihg.com,Female,+63 779 154 9168
989,Hubey,Kyrkeman,hkyrkemanrg@sbwire.com,Male,+49 850 763 9917
990,Lanette,Towndrow,ltowndrowrh@yahoo.co.jp,Polygender,+27 351 612 3525
991,Rosaline,Cockshtt,rcockshttri@typepad.com,Female,+267 988 549 6927
992,Grant,Baiyle,gbaiylerj@statcounter.com,Male,+62 439 561 0388
993,Peterus,Cleevely,pcleevelyrk@hhs.gov,Male,+86 729 837 6442
994,Thoma,Espadater,tespadaterrl@imageshack.us,Male,+55 370 627 8515
995,Hillie,Newlands,hnewlandsrm@github.io,Male,+62 967 884 6986
996,Emelia,Dimitrescu,edimitrescurn@blogspot.com,Female,+55 239 958 6209
997,Deidre,Thundercliffe,dthundercliffero@wikimedia.org,Female,+598 794 724 1505
998,Judd,Dibnah,jdibnahrp@netvibes.com,Male,+1 285 289 1700
999,Dougie,Ledger,dledgerrq@nhs.uk,Male,+62 752 884 4730
1000,Anissa,Stangoe,astangoerr@salon.com,Bigender,+20 518 591 5139
